{
  "status": "completed",
  "created_at": 1775732247.9068348,
  "completed_at": 1775732247.9974482,
  "error": null
}