{
  "status": "completed",
  "created_at": 1775830620.5772052,
  "completed_at": 1775830676.8578217,
  "error": null
}