{
  "status": "completed",
  "created_at": 1775916736.2220447,
  "completed_at": 1775916769.1814446,
  "error": null
}