{
  "status": "completed",
  "created_at": 1776372328.1234262,
  "completed_at": 1776372328.9375696,
  "error": null
}