{
  "status": "completed",
  "created_at": 1775849280.3895798,
  "completed_at": 1775849312.0650935,
  "error": null
}