{
  "status": "completed",
  "created_at": 1775763146.4764152,
  "completed_at": 1775763146.7611113,
  "error": null
}