{
  "status": "completed",
  "created_at": 1775848935.8509448,
  "completed_at": 1775848967.5313919,
  "error": null
}