{
  "status": "completed",
  "created_at": 1775764314.5661018,
  "completed_at": 1775764349.5539482,
  "error": null
}