{
  "status": "completed",
  "created_at": 1775894294.56376,
  "completed_at": 1775894326.511324,
  "error": null
}