{
  "status": "completed",
  "created_at": 1775733135.4626865,
  "completed_at": 1775733135.5483859,
  "error": null
}