{
  "status": "completed",
  "created_at": 1775912317.9197989,
  "completed_at": 1775912350.2827468,
  "error": null
}