{
  "status": "completed",
  "created_at": 1776108701.697375,
  "completed_at": 1776108734.6572998,
  "error": null
}