{
  "status": "completed",
  "created_at": 1775763465.143404,
  "completed_at": 1775763497.4829981,
  "error": null
}