{
  "status": "completed",
  "created_at": 1776372188.4112525,
  "completed_at": 1776372189.1641984,
  "error": null
}