{
  "status": "completed",
  "created_at": 1775828191.620967,
  "completed_at": 1775828251.0093029,
  "error": null
}